{
	"Prot": -7.932000000000002,
	"Fat": 15.608000000000004,
	"Carb": 10.14,
	"Cal": 149.56400000000008,
	"W": {
		"Weight": 75
	}
}